loss,grad_norm,learning_rate,entropy,num_tokens,logits/chosen,logits/rejected,mean_token_accuracy,rewards/chosen,rewards/rejected,rewards/accuracies,rewards/margins,logps/chosen,logps/rejected,epoch,step,eval_loss,eval_runtime,eval_samples_per_second,eval_steps_per_second,eval_entropy,eval_num_tokens,eval_logits/chosen,eval_logits/rejected,eval_mean_token_accuracy,eval_rewards/chosen,eval_rewards/rejected,eval_rewards/accuracies,eval_rewards/margins,eval_logps/chosen,eval_logps/rejected,train_runtime,train_samples_per_second,train_steps_per_second,total_flos,train_loss
0.6958292961120606,32.75,9.782608695652175e-07,1.5846529603004456,720.0,-1.7377998634055234,-2.571070589334925,0.5057800889015198,0.0011374662804882973,0.0064221192616969345,0.4,-0.005284653184935451,-76.76432571411132,-50.26290702819824,0.010940919037199124,10,,,,,,,,,,,,,,,,,,,,
,,,,,,,,,,,,,,0.010940919037199124,10,0.6944466233253479,4.0906,24.935,3.178,1.4303790514285748,720.0,-1.9770162103859263,-2.306133615120144,0.5855974555015564,0.0007888403040571854,0.0034035281009542253,0.5096153846153846,-0.002614687752121916,-70.55875191321739,-56.53028106689453,,,,,
0.6869221687316894,30.25,2.065217391304348e-06,1.490514349937439,1507.0,-2.0166576229055515,-2.4590063399997155,0.5616124719381332,0.02146102970582433,0.008750992314890026,0.6,0.012710037082433701,-70.33329353332519,-58.8317834854126,0.02188183807439825,20,,,,,,,,,,,,,,,,,,,,
,,,,,,,,,,,,,,0.02188183807439825,20,0.6905363202095032,4.0992,24.883,3.171,1.430655653660114,1507.0,-1.9769588259143585,-2.306860648791844,0.5842121151777414,0.005762308227041593,0.00038199542233577143,0.5352564110205724,0.005380312213674188,-70.50901794433594,-56.5604969904973,,,,,
0.6895369529724121,20.625,3.152173913043479e-06,1.4029803991317749,2386.0,-2.177556951534918,-2.4734368804963336,0.5555392563343048,0.0028923799000040162,-0.004532432642008644,0.6,0.007424812437966466,-70.30897369384766,-58.6803035736084,0.03282275711159737,30,,,,,,,,,,,,,,,,,,,,
,,,,,,,,,,,,,,0.03282275711159737,30,0.6870587468147278,4.1027,24.861,3.169,1.4387930081440852,2386.0,-1.9693567881686382,-2.298084320294388,0.5856245847848746,0.0116684278831459,-0.00029182804372304905,0.6923076923076923,0.01196025564478567,-70.44995586688702,-56.56723491962139,,,,,
0.6894924640655518,16.625,4.239130434782609e-06,1.5131193578243256,3167.0,-1.9658075360387968,-1.9929664225494856,0.5329620093107224,0.007064590771915391,-0.0003874586895108223,0.7,0.007452049478888512,-71.59228439331055,-57.34726219177246,0.0437636761487965,40,,,,,,,,,,,,,,,,,,,,
,,,,,,,,,,,,,,0.0437636761487965,40,0.6805338859558105,4.1138,24.795,3.16,1.452929212496831,3167.0,-1.9541255702901574,-2.2779788259744715,0.5864267670191251,0.015260517973309526,-0.010554493512385167,0.7564102594669049,0.025815011861805733,-70.41403491680438,-56.669861133282,,,,,
0.6716084003448486,30.375,5.3260869565217395e-06,1.4834524989128113,3952.0,-1.855008781683533,-2.078441460096928,0.5673819869756699,0.023407975025475026,-0.021062679355964065,0.7,0.04447065396234393,-69.61415100097656,-51.42087631225586,0.05470459518599562,50,,,,,,,,,,,,,,,,,,,,
,,,,,,,,,,,,,,0.05470459518599562,50,0.6687980890274048,4.1254,24.725,3.151,1.4692327976226807,3952.0,-1.9342341074880105,-2.252470363510476,0.5871910338218396,0.03375649835484532,-0.016421405168680046,0.8237179517745972,0.05017790370262586,-70.22907550518329,-56.72853029691256,,,,,
0.6622848510742188,25.75,6.41304347826087e-06,1.7818906903266907,4740.0,-1.7691327432916968,-2.574699735562354,0.5354075014591217,0.02906768835382536,-0.03418430387973785,0.9,0.06325199212878943,-82.86917190551758,-66.25284309387207,0.06564551422319474,60,,,,,,,,,,,,,,,,,,,,
,,,,,,,,,,,,,,0.06564551422319474,60,0.6575068235397339,4.1459,24.603,3.136,1.4917744581515973,4740.0,-1.9130883827155516,-2.223150601948971,0.5908679962158203,0.04683539672539784,-0.02735306999574487,0.8333333363899817,0.07418846625548142,-70.09828802255484,-56.83784690270057,,,,,
0.653304147720337,31.125,7.500000000000001e-06,1.6298592269420624,5519.0,-1.9287378646932016,-2.082655898495709,0.4973756656050682,0.036919136764481664,-0.04547971803694963,0.9,0.08239885298535228,-81.21986503601075,-52.52140712738037,0.07658643326039387,70,,,,,,,,,,,,,,,,,,,,
,,,,,,,,,,,,,,0.07658643326039387,70,0.6449337601661682,4.1508,24.573,3.132,1.516960593370291,5519.0,-1.899297963399479,-2.198316817962934,0.5915943017372718,0.058760010852263525,-0.04269833991733881,0.852564105620751,0.10145834948007877,-69.97903853196364,-56.99129926241361,,,,,
0.6472838401794434,23.625,8.586956521739131e-06,1.3520298898220062,6362.0,-1.8217924377523858,-2.172206709567211,0.6511741667985916,0.05122583527117967,-0.04479370191693306,0.8,0.0960195342078805,-65.13839073181153,-55.59331703186035,0.087527352297593,80,,,,,,,,,,,,,,,,,,,,
,,,,,,,,,,,,,,0.087527352297593,80,0.6288098096847534,4.1581,24.53,3.126,1.5462852716445923,6362.0,-1.8647457027018777,-2.150865618747137,0.5918280321818131,0.07433254866359326,-0.06345075770066334,0.852564105620751,0.137783306149336,-69.8233143733098,-57.19882407555213,,,,,
0.6730605602264405,22.5,9.673913043478262e-06,1.5756213665008545,7129.0,-1.7741517725648706,-1.9990759929980033,0.5674670457839965,0.013654441805556417,-0.03170318603515625,0.6,0.04535762779414654,-69.24800071716308,-59.486567687988284,0.09846827133479212,90,,,,,,,,,,,,,,,,,,,,
,,,,,,,,,,,,,,0.09846827133479212,90,0.61363285779953,4.1725,24.446,3.116,1.5973598315165594,7129.0,-1.7870491595566187,-2.05706797929653,0.5960531372290391,0.09359604191894715,-0.07925882663291234,0.8814102594669049,0.17285487055778503,-69.63067891047551,-57.35690513023963,,,,,
0.5796048641204834,16.625,9.99821076948843e-06,1.7942919373512267,7948.0,-1.5992954567766242,-1.775501428777724,0.5614988684654236,0.1764683537185192,-0.06977790854871273,1.0,0.24624626561999322,-76.92723159790039,-61.17559471130371,0.10940919037199125,100,,,,,,,,,,,,,,,,,,,,
,,,,,,,,,,,,,,0.10940919037199125,100,0.5954240560531616,4.1938,24.322,3.1,1.6587488559576182,7948.0,-1.703218564655098,-1.9505192288888178,0.5966552495956421,0.10594303332842313,-0.1095525840154061,0.9102564133130587,0.2154956184900724,-69.50720977783203,-57.65984227107121,,,,,
0.6206016063690185,20.375,9.98945027401168e-06,1.7322851061820983,8749.0,-1.8395715951212193,-1.8496049069156861,0.6304201543331146,0.04918335117399693,-0.10738209113478661,0.8,0.15656544491648675,-65.25617904663086,-60.65145988464356,0.12035010940919037,110,,,,,,,,,,,,,,,,,,,,
,,,,,,,,,,,,,,0.12035010940919037,110,0.5765920281410217,4.2034,24.266,3.093,1.7305986147660475,8749.0,-1.62173793438723,-1.8445838935787688,0.5956456477825458,0.11302100394207698,-0.1495855851815297,0.900641028697674,0.2626065886937655,-69.43643041757437,-58.06017274122972,,,,,
0.5709730625152588,24.75,9.973402658145908e-06,1.8799606084823608,9547.0,-1.6185837339395637,-2.0116159424411335,0.5307870239019394,0.20451954100281,-0.06946582854725421,0.8,0.27398536875844004,-76.02107124328613,-54.6323844909668,0.13129102844638948,120,,,,,,,,,,,,,,,,,,,,
,,,,,,,,,,,,,,0.13129102844638948,120,0.560983419418335,4.2231,24.153,3.078,1.8024458793493419,9547.0,-1.5352315779440624,-1.7358770601089573,0.5937267175087562,0.10978296828957704,-0.19239801512314722,0.8910256440822895,0.30218098713801456,-69.46881015484149,-58.488297095665565,,,,,
0.5471323013305665,14.0625,9.950091359524991e-06,1.6982510685920715,10378.0,-1.4184239983389813,-1.5186282745559176,0.6584920734167099,0.12650573756545783,-0.21417675279080867,0.8,0.34068248271942136,-66.55081176757812,-63.752051544189456,0.1422319474835886,130,,,,,,,,,,,,,,,,,,,,
,,,,,,,,,,,,,,0.1422319474835886,130,0.5466718673706055,4.2804,23.83,3.037,1.8781172037124634,10378.0,-1.4406687392027882,-1.625009313177535,0.597165435552597,0.10504194005177571,-0.23631435747330004,0.900641028697674,0.3413562946594678,-69.5162221468412,-58.92746001023512,,,,,
0.5519229888916015,18.5,9.919550424432615e-06,1.8290583729743957,11244.0,-1.1812075667423616,-1.429761985973808,0.6863903820514679,0.06537536876276136,-0.2508876449428499,0.9,0.31626301035285,-65.4446418762207,-61.800117111206056,0.15317286652078774,140,,,,,,,,,,,,,,,,,,,,
,,,,,,,,,,,,,,0.15317286652078774,140,0.5322011113166809,4.3718,23.331,2.974,1.9191550016403198,11244.0,-1.4003097624781806,-1.5685630971886555,0.5957342982292175,0.10164831564403497,-0.27974993219742406,0.8910256440822895,0.3813982537159553,-69.5501576937162,-59.3618158193735,,,,,
0.5067249298095703,15.9375,9.881824458077491e-06,2.0950465321540834,12086.0,-1.2338511430722803,-1.4454001829295255,0.5500885635614395,0.15656417831778527,-0.2608202228322625,1.0,0.4173843950033188,-74.79750289916993,-64.48847961425781,0.16411378555798686,150,,,,,,,,,,,,,,,,,,,,
,,,,,,,,,,,,,,0.16411378555798686,150,0.5177720785140991,4.4653,22.843,2.911,1.9868399179898775,12086.0,-1.3449346777322615,-1.4881177404063508,0.5927498294756963,0.07618521727048434,-0.3466027539509993,0.8910256440822895,0.4227879780989427,-69.80478844275841,-60.030343569242035,,,,,
0.4782864093780518,13.6875,9.836968559447184e-06,2.0253719806671144,12867.0,-1.110359750306615,-1.4847790341362967,0.5612992286682129,0.09991874750703574,-0.42234124094247816,1.0,0.5222599826753139,-73.53795738220215,-59.66711692810058,0.175054704595186,160,,,,,,,,,,,,,,,,,,,,
,,,,,,,,,,,,,,0.175054704595186,160,0.5083615779876709,4.5195,22.569,2.876,2.06781790806697,12867.0,-1.2972759591419418,-1.4203380397038776,0.5877540982686557,0.03036347232185877,-0.42141101222771865,0.8621794902361356,0.4517744779586792,-70.26300694392278,-60.77842683058519,,,,,
0.43585476875305174,14.5625,9.785048240835745e-06,2.1653953433036803,13700.0,-1.0914363313068518,-1.5345307374099204,0.5863758653402329,0.03819847442209721,-0.6244676619768142,0.9,0.6626661390066146,-80.3106460571289,-64.26195182800294,0.18599562363238512,170,,,,,,,,,,,,,,,,,,,,
,,,,,,,,,,,,,,0.18599562363238512,170,0.4954180121421814,4.5532,22.402,2.855,2.1366366056295543,13700.0,-1.259478839790072,-1.3646265580301433,0.5901041695704827,-0.0021758701365727643,-0.49423879843491775,0.8717948748515203,0.49206291482998776,-70.5884012075571,-61.50670506403996,,,,,
0.48470354080200195,17.125,9.726139332162613e-06,1.9961282372474671,14563.0,-0.9438393185593285,-0.9536686144096139,0.5671844184398651,0.07763671781867743,-0.414835973829031,1.0,0.4924726888537407,-74.81011772155762,-65.24765472412109,0.19693654266958424,180,,,,,,,,,,,,,,,,,,,,
,,,,,,,,,,,,,,0.19693654266958424,180,0.4826947748661041,4.5682,22.328,2.846,2.1695486215444713,14563.0,-1.2467659789577743,-1.3408309341150006,0.585674219406568,-0.007471952873926897,-0.5384422448965219,0.8910256440822895,0.5309702914494735,-70.64136123657227,-61.94873927189754,,,,,
0.450506591796875,17.0,9.660327870222614e-06,2.3261225938797,15321.0,-1.2356834318552505,-1.3855523901796478,0.5785167753696442,0.13609703108668328,-0.5159184888005257,0.9,0.6520155310630799,-74.91580123901367,-60.33994827270508,0.20787746170678337,190,,,,,,,,,,,,,,,,,,,,
,,,,,,,,,,,,,,0.20787746170678337,190,0.47064924240112305,4.6072,22.139,2.822,2.204609568302448,15321.0,-1.2426731093870755,-1.3279822136317816,0.5882902351709512,-0.028158503369643137,-0.5953885225149301,0.900641028697674,0.5672300457954407,-70.84822610708383,-62.5182010944073,,,,,
0.44571695327758787,14.875,9.58770997302871e-06,2.317833125591278,16079.0,-1.3940491947585918,-1.1658915071940499,0.5697678327560425,0.171458769752644,-0.4747706357389688,0.9,0.6462293893098832,-77.04361610412597,-63.501705932617185,0.2188183807439825,200,,,,,,,,,,,,,,,,,,,,
,,,,,,,,,,,,,,0.2188183807439825,200,0.4615025520324707,4.6119,22.117,2.819,2.2449524035820594,16079.0,-1.233919947077961,-1.3111707598674573,0.5904535284409156,-0.05546521087392019,-0.6537681428285745,0.8910256440822895,0.5983029305934906,-71.12129211425781,-63.101997962364784,,,,,
0.4567286968231201,16.375,9.508391699431114e-06,2.484106731414795,16898.0,-1.0804641774017223,-1.0537441299854402,0.5453918814659119,-0.19500797595828773,-0.8252994611859321,0.9,0.6302914828062057,-72.79569625854492,-66.38958015441895,0.22975929978118162,210,,,,,,,,,,,,,,,,,,,,
,,,,,,,,,,,,,,0.22975929978118162,210,0.45085349678993225,4.2712,23.881,3.044,2.279885071974534,16898.0,-1.2322101461414752,-1.297506095020177,0.5904412705164689,-0.06637166544365194,-0.7014016371506911,0.8910256440822895,0.6350299670146062,-71.23035665658804,-63.57833275428185,,,,,
0.5124861240386963,8.75,9.422488894217733e-06,2.1416401147842405,17755.0,-0.8576528847565038,-0.8394785261377585,0.6903842568397522,-0.09172123149037362,-0.5221980024129153,0.9,0.430476775765419,-61.21478958129883,-61.94925422668457,0.24070021881838075,220,,,,,,,,,,,,,,,,,,,,
,,,,,,,,,,,,,,0.24070021881838075,220,0.44177377223968506,4.3246,23.586,3.006,2.2840386354006252,17755.0,-1.2560844238950089,-1.3131245863108207,0.590144503575105,-0.06382992261877427,-0.7281578825070307,0.900641028697674,0.6643279561629662,-71.20493962214543,-63.84589562049279,,,,,
0.44925947189331056,6.1875,9.330127018922195e-06,2.360077702999115,18608.0,-1.291364405162701,-1.093466501771215,0.556259760260582,0.04877254376187921,-0.6192855656147003,0.8,0.6680581092834472,-76.15737228393554,-68.80103378295898,0.25164113785557984,230,,,,,,,,,,,,,,,,,,,,
,,,,,,,,,,,,,,0.25164113785557984,230,0.4279501736164093,4.2223,24.157,3.079,2.281099869654729,18608.0,-1.3039415983655194,-1.351000201071036,0.5893122783074012,-0.04782364116265224,-0.7586669004880465,0.900641028697674,0.7108432742265555,-71.04487580519456,-64.15098601121169,,,,,
0.44261837005615234,15.125,9.231440968586572e-06,2.259505796432495,19414.0,-1.1825281558045126,-1.152186591243814,0.5383365690708161,-0.12621380090713502,-0.7958048611879349,1.0,0.6695910573005677,-73.1214656829834,-64.13929481506348,0.26258205689277897,240,,,,,,,,,,,,,,,,,,,,
,,,,,,,,,,,,,,0.26258205689277897,240,0.4168616533279419,4.2503,23.998,3.059,2.299744129180908,19414.0,-1.3214584544192176,-1.3592417906718581,0.5886562558320853,-0.06052136507171851,-0.8156178639485285,0.9102564133130587,0.7550964584717383,-71.17185416588417,-64.72049302321214,,,,,
0.48109827041625974,14.5625,9.126574874746407e-06,2.440387177467346,20241.0,-1.4093945458603518,-1.3717489914392975,0.49973565340042114,-0.03321456592530012,-0.6782543733716011,0.9,0.6450397960841656,-80.17936325073242,-63.39629440307617,0.2735229759299781,250,,,,,,,,,,,,,,,,,,,,
,,,,,,,,,,,,,,0.2735229759299781,250,0.40655526518821716,4.33,23.557,3.002,2.317052070911114,20241.0,-1.3380112350880273,-1.365244197603919,0.5850036396430089,-0.07322665647818492,-0.8683797808793875,0.9102564133130587,0.7951531318517832,-71.29890676645132,-65.24811407235953,,,,,
0.3463926315307617,8.0625,9.015681894925795e-06,2.618040108680725,21074.0,-1.160825642015887,-1.2916195192151687,0.5191424489021301,0.022588504105806352,-1.002798154950142,0.9,1.025386679172516,-89.360107421875,-70.91750526428223,0.2844638949671772,260,,,,,,,,,,,,,,,,,,,,
,,,,,,,,,,,,,,0.2844638949671772,260,0.3987133800983429,4.2256,24.139,3.077,2.338859429726234,21074.0,-1.352442785673138,-1.3740199164289766,0.5846391366078303,-0.10032846205509625,-0.926777339898623,0.900641028697674,0.8264488531992986,-71.56992574838492,-65.83208964421199,,,,,
0.5151651859283447,7.71875,8.898923988949936e-06,2.366572880744934,21883.0,-1.0794366313600672,-1.1831645021465178,0.5690027058124543,-0.24275620132684708,-0.7816000074148178,0.8,0.5388438135385514,-75.1067726135254,-65.04373168945312,0.29540481400437635,270,,,,,,,,,,,,,,,,,,,,
,,,,,,,,,,,,,,0.29540481400437635,270,0.39126279950141907,4.2745,23.863,3.041,2.3626428567446194,21883.0,-1.3672528364336949,-1.386105843411676,0.5814807231609638,-0.11870926503951733,-0.975492381132566,0.9102564133130587,0.8567831103618329,-71.75373253455528,-66.3192391028771,,,,,
0.3917952537536621,10.25,8.776471682401913e-06,2.4429749727249144,22681.0,-1.5174254197554964,-1.3736957732107054,0.6088170915842056,0.0639928818680346,-0.7629106268286705,0.9,0.8269035130739212,-78.33221664428712,-69.19758033752441,0.3063457330415755,280,,,,,,,,,,,,,,,,,,,,
,,,,,,,,,,,,,,0.3063457330415755,280,0.3844156563282013,4.3638,23.374,2.979,2.373131091778095,22681.0,-1.3916182815898166,-1.4059403758326081,0.5789781487905062,-0.13044174760580063,-1.0168490088902986,0.9102564133130587,0.8864072561264038,-71.87105912428636,-66.73280686598558,,,,,
0.4917934417724609,4.78125,8.648503817569091e-06,2.503328549861908,23455.0,-1.5026328211977467,-1.406179688046511,0.5475028246641159,-0.4082282653544098,-1.0212557941675187,0.7,0.6130275323987007,-75.02718124389648,-76.78796920776367,0.3172866520787746,290,,,,,,,,,,,,,,,,,,,,
,,,,,,,,,,,,,,0.3172866520787746,290,0.3780952990055084,4.4835,22.75,2.9,2.3917114918048563,23455.0,-1.383146439472927,-1.3953909028039877,0.578438726755289,-0.14396154020841306,-1.0586172754947956,0.9102564133130587,0.9146557404444768,-72.00625669039212,-67.15048833993765,,,,,
0.4941553592681885,20.125,8.515207292242969e-06,2.56392982006073,24252.0,-0.9330125180091494,-1.087126357283338,0.5543059885501862,-0.47950989603996275,-1.0984016984701157,0.8,0.6188918203115463,-77.70943794250488,-66.55011215209962,0.3282275711159737,300,,,,,,,,,,,,,,,,,,,,
,,,,,,,,,,,,,,0.3282275711159737,300,0.3697235882282257,4.5481,22.427,2.858,2.3924447022951565,24252.0,-1.4018057595601503,-1.4119778439946438,0.5790930894704965,-0.1457376405596733,-1.0992608895668616,0.9102564133130587,0.9535232461415805,-72.02401704054613,-67.55692584698016,,,,,
0.3948753595352173,4.0625,8.376776786753866e-06,2.2841002583503722,25085.0,-1.4079035340937986,-1.306249779850523,0.6324308246374131,-0.09932296872138976,-1.0032179701607675,0.9,0.9038950234651566,-68.36436080932617,-65.3356502532959,0.33916849015317285,310,,,,,,,,,,,,,,,,,,,,
,,,,,,,,,,,,,,0.33916849015317285,310,0.36419910192489624,4.2706,23.884,3.044,2.37907651754526,25085.0,-1.4504423078089357,-1.455173385241705,0.5790240351970379,-0.15348860908013123,-1.1365320820074816,0.9198717979284433,0.9830434826704172,-72.10152552678035,-67.92963702862079,,,,,
0.4065863132476807,13.0,8.233414479639221e-06,2.5566141247749328,25855.0,-1.5333339225467415,-1.3037053539682133,0.5742615759372711,-0.07042857902124525,-1.0465761512517928,0.9,0.9761475503444672,-70.77826614379883,-72.39541854858399,0.350109409190372,320,,,,,,,,,,,,,,,,,,,,
,,,,,,,,,,,,,,0.350109409190372,320,0.35802045464515686,4.3569,23.411,2.984,2.386279949775109,25855.0,-1.4748232722102963,-1.4712169285279255,0.5779721438884735,-0.1746497339067551,-1.1941119845096881,0.9102564133130587,1.0194622690861042,-72.31313822819637,-68.50543623704176,,,,,
0.37844624519348147,10.5,8.085329752360683e-06,2.4355311751365663,26664.0,-1.8862313474623675,-1.601456728930221,0.5791778117418289,-0.1848339129239321,-1.0630232319235802,1.0,0.8781893149018287,-78.35014038085937,-71.28604660034179,0.3610503282275711,330,,,,,,,,,,,,,,,,,,,,
,,,,,,,,,,,,,,0.3610503282275711,330,0.35097742080688477,4.2257,24.138,3.076,2.3982306260329027,26664.0,-1.487970561425969,-1.4806322473480726,0.5786352386841407,-0.1932746426990399,-1.2486890875376189,0.9102564133130587,1.0554144290777354,-72.49938730093149,-69.05120790921725,,,,,
0.36307492256164553,16.375,7.932738883501297e-06,2.554944610595703,27447.0,-1.5968540542785665,-1.3626757943317587,0.5744321823120118,-0.44261993169784547,-1.4499556303024292,1.0,1.007335716485977,-72.32849388122558,-66.87677803039551,0.37199124726477023,340,,,,,,,,,,,,,,,,,,,,
,,,,,,,,,,,,,,0.37199124726477023,340,0.34413716197013855,4.2674,23.902,3.046,2.4037207456735463,27447.0,-1.517712820717455,-1.5029385157506439,0.5734375302608197,-0.21861298876599625,-1.3106457682756276,0.9102564133130587,1.0920327993539662,-72.75276947021484,-69.67077548687274,,,,,
0.38149471282958985,10.25,7.77586473288942e-06,2.3337990164756777,28293.0,-1.3672962419004222,-1.3073360695850842,0.577516320347786,-0.06779194287955762,-1.0458579182624816,0.9,0.9780659705400467,-69.29285736083985,-67.90761375427246,0.38293216630196936,350,,,,,,,,,,,,,,,,,,,,
,,,,,,,,,,,,,,0.38293216630196936,350,0.3400280177593231,4.3512,23.442,2.988,2.402952707730807,28293.0,-1.5327537783971934,-1.5150573200297877,0.5720558028954726,-0.2297674543582476,-1.3454369352414057,0.9102564133130587,1.115669507246751,-72.86431415264423,-70.01868497408353,,,,,
0.5101618766784668,13.5625,7.614936416110668e-06,2.4983885288238525,29080.0,-1.391974570852837,-1.567828609456194,0.5286504775285721,-0.5304970897734165,-1.2677197337150574,0.8,0.7372226417064667,-74.6444808959961,-67.16957874298096,0.3938730853391685,360,,,,,,,,,,,,,,,,,,,,
,,,,,,,,,,,,,,0.3938730853391685,360,0.33268484473228455,4.2303,24.112,3.073,2.397142483637883,29080.0,-1.561670817638053,-1.5387965446385932,0.573524316916099,-0.24134299603219217,-1.3968491829358614,0.9102564133130587,1.1555061707129846,-72.98007084773137,-70.53280786367563,,,,,
0.3133816957473755,4.0,7.4501889698833075e-06,2.4871880412101746,29882.0,-1.2507373230819048,-1.3429309135313172,0.5524469286203384,-0.16165566854178906,-1.4745261460542678,1.0,1.312870478630066,-73.5472993850708,-64.20331039428712,0.4048140043763676,370,,,,,,,,,,,,,,,,,,,,
,,,,,,,,,,,,,,0.4048140043763676,370,0.3265949785709381,4.2978,23.733,3.025,2.402493641926692,29882.0,-1.5764556054419183,-1.5528362304633292,0.5673062755511358,-0.25843143405822605,-1.4500796152995183,0.9198717979284433,1.1916481669132526,-73.1509540264423,-71.0651127741887,,,,,
0.2708148956298828,1.625,7.281863008785804e-06,2.76263769865036,30621.0,-1.6232406496364653,-1.6872707840407024,0.4930567592382431,-0.08683364763855934,-1.538282322883606,1.0,1.4514486759901046,-85.11328735351563,-81.35014572143555,0.41575492341356673,380,,,,,,,,,,,,,,,,,,,,
,,,,,,,,,,,,,,0.41575492341356673,380,0.3231818974018097,4.4025,23.169,2.953,2.4300166826981764,30621.0,-1.5682890497707296,-1.5412679895969401,0.5654605833383707,-0.293492228938983,-1.5105019624416645,0.9198717979284433,1.2170097186015203,-73.5015628521259,-71.6693361722506,,,,,
0.31731908321380614,16.625,7.110204373837857e-06,2.297709357738495,31404.0,-1.3367543052683208,-1.483146281741138,0.5521993607282638,-0.3668450266122818,-1.5524964153766632,1.0,1.1856514036655426,-77.18339118957519,-74.8613052368164,0.42669584245076586,390,,,,,,,,,,,,,,,,,,,,
,,,,,,,,,,,,,,0.42669584245076586,390,0.31617429852485657,4.2374,24.072,3.068,2.444602269392747,31404.0,-1.5990368259759404,-1.5731974529502415,0.5653605208947108,-0.3389545277907298,-1.6115714953495905,0.9198717979284433,1.2726169732900767,-73.95618556096004,-72.68003052931566,,,,,
0.2426771879196167,1.984375,6.935463773448209e-06,2.5874850273132326,32175.0,-1.5882645536890772,-1.4480606607021085,0.49914302825927737,0.0716206070035696,-1.5548650175333023,1.0,1.6264856427907943,-73.36066589355468,-73.29642906188965,0.437636761487965,400,,,,,,,,,,,,,,,,,,,,
,,,,,,,,,,,,,,0.437636761487965,400,0.3110390305519104,4.2784,23.841,3.039,2.449215522179237,32175.0,-1.629717940954895,-1.5998342561798597,0.5623260667690864,-0.3780667850604424,-1.6974449891310472,0.9102564133130587,1.3193781834382277,-74.34730881911058,-73.53876495361328,,,,,
0.32126426696777344,12.4375,6.757896417253583e-06,2.850145959854126,33011.0,-1.6452085076235465,-1.477735980592445,0.527377137541771,-0.6451001435518264,-1.842752081155777,1.0,1.197651931643486,-82.02250213623047,-76.31935195922851,0.4485776805251641,410,,,,,,,,,,,,,,,,,,,,
,,,,,,,,,,,,,,0.4485776805251641,410,0.3078576624393463,4.3999,23.182,2.955,2.463288142130925,33011.0,-1.638267800649005,-1.6081144742019076,0.5584221069629376,-0.4158489933380714,-1.7699039807686439,0.9198717979284433,1.3540549736756544,-74.72512993445763,-74.26335760263296,,,,,
0.3441015243530273,5.84375,6.57776164338357e-06,2.2586424469947817,33851.0,-1.4269951050505678,-1.5209439713562687,0.5978417038917542,-0.3367738315835595,-1.6956760749220847,0.9,1.358902244269848,-71.61038398742676,-70.61700859069825,0.45951859956236324,420,,,,,,,,,,,,,,,,,,,,
,,,,,,,,,,,,,,0.45951859956236324,420,0.30353447794914246,4.2349,24.086,3.07,2.484606247681838,33851.0,-1.6353662105754485,-1.6004383171417724,0.5599498542455527,-0.44853610889269757,-1.8418073929273164,0.9198717979284433,1.3932713178487925,-75.0520025400015,-74.98239018366887,,,,,
0.2949159383773804,23.375,6.395322539695821e-06,2.604261410236359,34589.0,-1.4197793384861943,-1.226311413251673,0.5605505466461181,-0.8321212261915207,-2.375629821419716,0.9,1.543508619070053,-76.02277336120605,-80.17273139953613,0.47045951859956237,430,,,,,,,,,,,,,,,,,,,,
,,,,,,,,,,,,,,0.47045951859956237,430,0.3017137050628662,4.2842,23.808,3.034,2.476648605786837,34589.0,-1.6755474574267188,-1.6398151596563488,0.5539289850455064,-0.47335787461354184,-1.9230222335228553,0.9198717979284433,1.449664363494286,-75.3002190223107,-75.79453805776743,,,,,
0.283937931060791,34.5,6.2108455595347375e-06,2.352220892906189,35407.0,-2.013266219811247,-1.7392070570775089,0.557057934999466,-0.6127269566059113,-2.25132240653038,0.9,1.6385954439640045,-81.55158653259278,-77.25793418884277,0.4814004376367615,440,,,,,,,,,,,,,,,,,,,,
,,,,,,,,,,,,,,0.4814004376367615,440,0.2969719469547272,4.4241,23.056,2.938,2.4725919320033145,35407.0,-1.6880798123241088,-1.6489034309825226,0.5549249694897578,-0.47659284392228496,-1.9594309329986572,0.9102564133130587,1.4828380713096032,-75.3325688288762,-76.15862626295824,,,,,
0.2183086395263672,2.84375,6.024600132574855e-06,2.3989789366722105,36183.0,-1.7847036044362437,-1.7514355360197424,0.5041721284389495,-0.25109554678201673,-2.2054219186306,1.0,1.9543263733386993,-79.76580200195312,-74.35254287719727,0.4923413566739606,450,,,,,,,,,,,,,,,,,,,,
,,,,,,,,,,,,,,0.4923413566739606,450,0.29592078924179077,4.5376,22.479,2.865,2.481777007763202,36183.0,-1.7092001275128332,-1.673684178296511,0.5545913416605729,-0.5135828365500157,-2.0334890622359056,0.9102564133130587,1.5199062182353094,-75.7024676983173,-76.8992083622859,,,,,
0.2865513563156128,3.546875,5.836858271317276e-06,2.4696930408477784,37015.0,-1.647032686094029,-1.8755833911033803,0.5428187400102615,-0.47812439911067484,-1.9449057951569557,0.9,1.4667813777923584,-78.38792495727539,-77.41466979980468,0.5032822757111597,460,,,,,,,,,,,,,,,,,,,,
,,,,,,,,,,,,,,0.5032822757111597,460,0.29464590549468994,4.5695,22.322,2.845,2.4952009274409366,37015.0,-1.7476083126868462,-1.7084887352325713,0.5528051211283758,-0.5679089530156209,-2.133347887259263,0.9102564133130587,1.5654389399748583,-76.245729299692,-77.89779545710637,,,,,
0.2753902912139893,22.125,5.647894173813871e-06,2.659381318092346,37846.0,-1.2362651305225185,-0.9266368332505122,0.576343247294426,-0.38930893167853353,-2.057816208899021,0.9,1.6685072779655457,-75.53031692504882,-67.01522102355958,0.5142231947483589,470,,,,,,,,,,,,,,,,,,,,
,,,,,,,,,,,,,,0.5142231947483589,470,0.2930258512496948,4.6427,21.97,2.8,2.486580573595487,37846.0,-1.7929749801046657,-1.7479599201387401,0.5460529969288752,-0.6159481005026743,-2.2297666989839993,0.9102564133130587,1.6138185812876775,-76.7261211688702,-78.86198249230019,,,,,
0.25597329139709474,19.875,5.457983823199475e-06,2.3435898542404177,38664.0,-1.8581536189090524,-1.6877344804011405,0.5554584085941314,-0.7496664255857468,-2.4880966901779176,1.0,1.7384302765130997,-76.25331001281738,-82.14203643798828,0.5251641137855579,480,,,,,,,,,,,,,,,,,,,,
,,,,,,,,,,,,,,0.5251641137855579,480,0.2906814515590668,4.6579,21.898,2.791,2.4678206076988807,38664.0,-1.8351482774229404,-1.7788790304901274,0.5444431946827815,-0.6298900086146134,-2.2891449286387515,0.9198717979284433,1.659254945241488,-76.86554072453426,-79.45576594426082,,,,,
0.25528247356414796,30.0,5.267404584616946e-06,2.6140624046325684,39350.0,-2.031159770378029,-1.7360902740489947,0.5507130950689316,-0.8267683401703835,-2.505189228057861,0.9,1.6784208953380584,-75.30282669067383,-74.06967506408691,0.5361050328227571,490,,,,,,,,,,,,,,,,,,,,
,,,,,,,,,,,,,,0.5361050328227571,490,0.2926180362701416,4.647,21.95,2.798,2.435807998363788,39350.0,-1.897800250737617,-1.8296520335528659,0.5432033768066993,-0.6644321599831948,-2.366946761424725,0.9102564133130587,1.702514620927664,-77.2109627356896,-80.23378460223859,,,,,
0.48612093925476074,12.125,5.076434800123814e-06,2.5819630861282348,40153.0,-1.5363568078351868,-1.3925651281684774,0.5221343129873276,-0.8554338991641999,-1.60596624314785,0.7,0.7505323410034179,-71.96905937194825,-75.74281883239746,0.5470459518599562,500,,,,,,,,,,,,,,,,,,,,
,,,,,,,,,,,,,,0.5470459518599562,500,0.29190072417259216,4.659,21.893,2.79,2.4291986502133884,40153.0,-1.9169636583244964,-1.851792369123,0.5418983606191782,-0.6722959807285895,-2.398879913183359,0.9102564133130587,1.7265838934825017,-77.28960125262921,-80.55311408409706,,,,,
0.2367833137512207,6.46875,4.8853533821721175e-06,2.5292721152305604,40890.0,-1.8098181411950987,-1.3509779957532504,0.49501788020133974,-0.48276272639632223,-2.400063782930374,1.0,1.917301020026207,-80.07940711975098,-90.74018859863281,0.5579868708971554,510,,,,,,,,,,,,,,,,,,,,
,,,,,,,,,,,,,,0.5579868708971554,510,0.2944701313972473,4.6733,21.826,2.782,2.4118272341214695,40890.0,-1.966883262090164,-1.8983497577428226,0.5406036904224982,-0.7032632082700729,-2.456383934387794,0.9198717979284433,1.7531207341414232,-77.59927368164062,-81.12815680870644,,,,,
0.3877440929412842,47.25,4.6944394062552e-06,2.553328204154968,41727.0,-1.9283552987028059,-1.9395499225111457,0.5102594882249832,-0.798354609683156,-2.07172532081604,0.7,1.2733707308769227,-83.5517074584961,-89.4322265625,0.5689277899343544,520,,,,,,,,,,,,,,,,,,,,
,,,,,,,,,,,,,,0.5689277899343544,520,0.2948054373264313,4.6839,21.777,2.775,2.395909905433655,41727.0,-1.9991774948108274,-1.9297477202009836,0.5420609277028304,-0.7250266350232638,-2.5074843076559215,0.9102564133130587,1.782457681802603,-77.81690685565655,-81.6391595693735,,,,,
0.26353390216827394,10.8125,4.5039717033163625e-06,1.9680096745491027,42552.0,-2.5053492192394335,-2.3143819749616545,0.6305595368146897,-0.16999114900827408,-2.488246592879295,0.9,2.318255436420441,-72.89165077209472,-80.11760482788085,0.5798687089715536,530,,,,,,,,,,,,,,,,,,,,
,,,,,,,,,,,,,,0.5798687089715536,530,0.29529300332069397,4.6878,21.759,2.773,2.382811876443716,42552.0,-2.0277757920622697,-1.9596403057169205,0.5396909965918615,-0.7528498883430774,-2.5755353524134708,0.8910256440822895,1.822685406758235,-78.09513796292819,-82.31966987022987,,,,,
0.40210657119750975,22.375,4.3142284525146915e-06,2.430004131793976,43472.0,-1.8076259411375273,-1.7993884216869667,0.5641358613967895,-0.5134879857301712,-1.785787469148636,0.8,1.272299474477768,-83.71448402404785,-70.14415168762207,0.5908096280087527,540,,,,,,,,,,,,,,,,,,,,
,,,,,,,,,,,,,,0.5908096280087527,540,0.2970830798149109,4.6918,21.74,2.771,2.3824805112985463,43472.0,-2.036604409213694,-1.9659709917734838,0.5397075712680817,-0.7752497368133985,-2.6168305507073035,0.8910256440822895,1.8415808494274433,-78.31913933387169,-82.73262141301082,,,,,
0.33679611682891847,16.0,4.125486774942823e-06,2.24191358089447,44281.0,-1.9615532011909909,-1.751637287735314,0.5373845666646957,-0.35910664685070515,-1.665291178226471,1.0,1.30618454515934,-69.57321968078614,-73.42933502197266,0.6017505470459519,550,,,,,,,,,,,,,,,,,,,,
,,,,,,,,,,,,,,0.6017505470459519,550,0.2992992103099823,4.6884,21.756,2.773,2.3903524783941417,44281.0,-2.042020543206209,-1.9714441919893781,0.5399077488825872,-0.7977352360120187,-2.6470056497133694,0.900641028697674,1.8492704263100257,-78.5439922626202,-83.03437335674579,,,,,
0.3289787769317627,1.203125,3.938022328890022e-06,2.154662609100342,45065.0,-2.289540654736247,-2.423827158280064,0.5339049398899078,-0.7578265048563481,-2.5680189207196236,0.9,1.8101924329996109,-76.3782958984375,-81.938258934021,0.612691466083151,560,,,,,,,,,,,,,,,,,,,,
,,,,,,,,,,,,,,0.612691466083151,560,0.3039150834083557,4.6656,21.862,2.786,2.391203687741206,45065.0,-2.059414186528344,-1.987631652423898,0.5341451305609483,-0.8275796243777642,-2.6884990196961622,0.8910256440822895,1.8609193563461304,-78.84243657038762,-83.44930560772235,,,,,
0.3105170249938965,120.0,3.752108907241682e-06,2.536978781223297,45846.0,-2.1618498277004963,-2.3333451745936826,0.44250085204839706,-1.1459051668643951,-2.735169064998627,1.0,1.589263880252838,-92.11108703613282,-92.04868240356446,0.6236323851203501,570,,,,,,,,,,,,,,,,,,,,
,,,,,,,,,,,,,,0.6236323851203501,570,0.3171170949935913,4.6718,21.833,2.783,2.3827116947907667,45846.0,-2.108043379721122,-2.0388726300911078,0.534598905306596,-0.9137556117314559,-2.797975393442007,0.8621794902361356,1.884219765663147,-79.70419604961688,-84.54407149094801,,,,,
0.39937758445739746,84.0,3.5680180376032675e-06,2.4248167991638185,46627.0,-1.9527632525107665,-1.792604255954182,0.4871723473072052,-0.8344879314303398,-2.9996810287237166,0.8,2.165193051099777,-87.10661926269532,-85.79305267333984,0.6345733041575492,580,,,,,,,,,,,,,,,,,,,,
,,,,,,,,,,,,,,0.6345733041575492,580,0.3196066617965698,4.6468,21.951,2.798,2.3836882572907667,46627.0,-2.123261179730905,-2.0579226469635667,0.5299190305746518,-0.9514133448784168,-2.849659699660081,0.8910256440822895,1.8982463983389049,-80.08077474740836,-85.060913672814,,,,,
0.7944374084472656,19.25,3.3860185857327066e-06,2.53413872718811,47404.0,-1.9941011711355336,-1.6854832516433877,0.45321678519248965,-1.4772343188524246,-2.7569790959358214,0.7,1.2797447830438613,-95.45064315795898,-87.88322296142579,0.6455142231947484,590,,,,,,,,,,,,,,,,,,,,
,,,,,,,,,,,,,,0.6455142231947484,590,0.317287415266037,4.3474,23.462,2.99,2.4060944043673,47404.0,-2.091570231323864,-2.0332957031333314,0.5340519845485687,-0.9306340171740606,-2.8296635150909424,0.8910256440822895,1.8990294933319092,-79.87298114483173,-84.86095135028546,,,,,
0.33150515556335447,14.0625,3.206376362860432e-06,2.5656205654144286,48181.0,-1.87546516322423,-1.748972238358362,0.5613415986299515,-0.5714346051216126,-2.433876007795334,0.9,1.8624414026737213,-67.9522689819336,-79.58123207092285,0.6564551422319475,600,,,,,,,,,,,,,,,,,,,,
,,,,,,,,,,,,,,0.6564551422319475,600,0.3160408139228821,4.2327,24.098,3.071,2.408412823310265,48181.0,-2.0922635888026098,-2.034334545784512,0.5328227258645571,-0.935738110771546,-2.83013994877155,0.8910256440822895,1.8944018804110014,-79.92402062049278,-84.86571502685547,,,,,
0.23051152229309083,22.75,3.029353737470573e-06,2.217502307891846,48991.0,-2.094712624540587,-2.140846222295324,0.5607847511768341,-0.48901387117803097,-2.419495105743408,1.0,1.930481231212616,-72.98616638183594,-84.78524703979492,0.6673960612691466,610,,,,,,,,,,,,,,,,,,,,
,,,,,,,,,,,,,,0.6673960612691466,610,0.31930863857269287,4.2676,23.901,3.046,2.4036648181768565,48991.0,-2.1032507599038373,-2.0432789620034026,0.5334139603834885,-0.9450312967483814,-2.8445754051208496,0.8717948748515203,1.8995441198349,-80.01695310152493,-85.01007080078125,,,,,
0.4731618404388428,16.625,2.8552092521102925e-06,2.449963915348053,49760.0,-1.9052346097925148,-2.1674995777412787,0.5344490468502044,-1.243609857559204,-2.122796040773392,0.8,0.8791861891746521,-78.74319038391113,-75.19602470397949,0.6783369803063457,620,,,,,,,,,,,,,,,,,,,,
,,,,,,,,,,,,,,0.6783369803063457,620,0.31493905186653137,4.3483,23.457,2.99,2.399164392397954,49760.0,-2.1026869738828653,-2.047816507056493,0.5334058701992035,-0.935520004767638,-2.8513762033902683,0.8717948748515203,1.9158561779902532,-79.92184096116286,-85.0780768761268,,,,,
0.24410877227783204,63.0,2.684197245786938e-06,2.509863352775574,50579.0,-2.02662113228004,-2.2758702015625287,0.46572891920804976,-0.8816614508628845,-2.6650683641433717,1.0,1.783406913280487,-93.12177658081055,-91.06232528686523,0.6892778993435449,630,,,,,,,,,,,,,,,,,,,,
,,,,,,,,,,,,,,0.6892778993435449,630,0.3120670020580292,4.4728,22.805,2.906,2.395076660009531,50579.0,-2.1009522880228313,-2.0425855440909553,0.5346901485553155,-0.9197119909983414,-2.845808799450214,0.8814102594669049,1.9260969070287852,-79.76375990647536,-85.02240401047926,,,,,
0.4380504131317139,3.09375,2.516567482504484e-06,2.178352475166321,51401.0,-2.0041370813383876,-2.425703309418248,0.4886772036552429,-1.328091561794281,-2.7302254647016526,0.7,1.4021339297294617,-91.2882740020752,-78.75880966186523,0.700218818380744,640,,,,,,,,,,,,,,,,,,,,
,,,,,,,,,,,,,,0.700218818380744,640,0.31019771099090576,4.5516,22.41,2.856,2.3899260392555823,51401.0,-2.106450767257034,-2.048552998261291,0.5332756776076096,-0.9209654973103449,-2.854433591549213,0.8717948748515203,1.9334680942388682,-79.7762950016902,-85.10865314190204,,,,,
0.6305368423461915,54.5,2.352564786481776e-06,2.0326336443424227,52186.0,-1.998832922657207,-2.1989926511192386,0.5156148359179497,-1.2673902720212937,-2.270384931564331,0.9,1.0029946565628052,-82.76484756469726,-79.00693130493164,0.7111597374179431,650,,,,,,,,,,,,,,,,,,,,
,,,,,,,,,,,,,,0.7111597374179431,650,0.3092564642429352,4.5795,22.273,2.839,2.388252799327557,52186.0,-2.10791380823441,-2.052520321628445,0.5332381404363192,-0.9208592313986558,-2.859355174578153,0.8814102594669049,1.938495920254634,-79.77523216834435,-85.15786684476413,,,,,
0.09109772443771362,16.875,2.192428684585386e-06,2.140065324306488,52994.0,-2.4650012053807333,-2.301339648968804,0.6101715385913848,0.09446521401405335,-2.8749536633491517,1.0,2.9694188952445986,-69.56239280700683,-86.32462463378906,0.7221006564551422,660,,,,,,,,,,,,,,,,,,,,
,,,,,,,,,,,,,,0.7221006564551422,660,0.3197895586490631,4.6336,22.013,2.806,2.373704873598539,52994.0,-2.143831438146005,-2.0835168345368866,0.5296615155843588,-0.9678943283282794,-2.91541156402001,0.8814102594669049,1.9475172024506788,-80.2455825805664,-85.7184307391827,,,,,
0.21321017742156984,0.056640625,2.036393056499258e-06,2.1468353867530823,53844.0,-2.13997243727889,-2.463846055827552,0.5777187049388885,-0.60238106995821,-3.2484922647476195,0.9,2.646111238002777,-79.14743881225586,-91.79935340881347,0.7330415754923414,670,,,,,,,,,,,,,,,,,,,,
,,,,,,,,,,,,,,0.7330415754923414,670,0.3310234546661377,4.654,21.917,2.793,2.3594658374786377,53844.0,-2.180947001551453,-2.1212558848322036,0.5279882160516886,-1.020299372764734,-2.976687651414138,0.8621794902361356,1.956388235092163,-80.76963395338792,-86.33119377723106,,,,,
0.4453144073486328,0.75390625,1.884685793142111e-06,2.2573380351066588,54679.0,-2.2052403408170087,-2.275227748306084,0.5006865590810776,-0.7122454777359962,-3.6002195477485657,0.9,2.8879740715026854,-89.16848373413086,-93.1522430419922,0.7439824945295405,680,,,,,,,,,,,,,,,,,,,,
,,,,,,,,,,,,,,0.7439824945295405,680,0.33120283484458923,4.6762,21.812,2.78,2.3497339762174168,54679.0,-2.2057937372938157,-2.146895131035193,0.5269325260932629,-1.052161013850799,-3.0310337910285363,0.8717948748515203,1.9788728402211115,-81.08825038029597,-86.87465256911058,,,,,
0.378553581237793,31.5,1.737528463831456e-06,2.304412603378296,55548.0,-1.7982236742178526,-2.01941724465641,0.5568755120038986,-1.0333137370646,-2.8818822145462035,0.9,1.8485684514045715,-74.22687530517578,-78.52398948669433,0.7549234135667396,690,,,,,,,,,,,,,,,,,,,,
,,,,,,,,,,,,,,0.7549234135667396,690,0.3367895185947418,4.6808,21.791,2.777,2.3414071890024037,55548.0,-2.220316445914248,-2.159177812724581,0.5265427002540002,-1.0713029022400196,-3.055271020302406,0.852564105620751,1.9839681111849272,-81.27967012845554,-87.11702728271484,,,,,
0.13533565998077393,2.15625,1.5951359926803545e-06,2.3882707953453064,56317.0,-2.4602644852059785,-2.1330467669431967,0.43385595381259917,-1.175921793282032,-3.7095958411693575,1.0,2.5336740404367446,-95.42997512817382,-97.8094581604004,0.7658643326039387,700,,,,,,,,,,,,,,,,,,,,
,,,,,,,,,,,,,,0.7658643326039387,700,0.3403252959251404,4.6749,21.819,2.781,2.3407211212011485,56317.0,-2.2183119056809817,-2.1570301861288756,0.5287312888182126,-1.0670842665892382,-3.0461383966299205,0.852564105620751,1.9790540750210102,-81.23748309795673,-87.02569990891676,,,,,
0.7221094131469726,14.8125,1.4577163446995379e-06,2.294172537326813,57096.0,-2.332576647600859,-2.3311416655823995,0.509918999671936,-1.2018629284575582,-3.279044632613659,0.8,2.0771817207336425,-89.42341270446778,-92.33824920654297,0.7768052516411379,710,,,,,,,,,,,,,,,,,,,,
,,,,,,,,,,,,,,0.7768052516411379,710,0.3325214684009552,4.6927,21.736,2.77,2.3433063213641825,57096.0,-2.2117409121105966,-2.1529895479665466,0.5269883894003354,-1.0574792806918805,-3.052946530855619,0.8621794902361356,1.9954672226539025,-81.14143371582031,-87.09378051757812,,,,,
0.36716737747192385,79.0,1.325470222063327e-06,2.4311278223991395,57914.0,-2.290843971950695,-1.7382453281330086,0.5481957584619522,-0.6098238434642553,-1.8807693719863892,0.9,1.2709455251693726,-75.53771171569824,-74.59519119262696,0.787746170678337,720,,,,,,,,,,,,,,,,,,,,
,,,,,,,,,,,,,,0.787746170678337,720,0.3330819308757782,4.6993,21.705,2.766,2.3428304562201867,57914.0,-2.2114898505715264,-2.1528364566649967,0.5287946027058822,-1.0519969096550574,-3.047136288422805,0.8717948748515203,1.9951393512579112,-81.08661006047176,-87.03567857008714,,,,,
0.30489392280578614,4.1875,1.1985907709829676e-06,2.234808933734894,58721.0,-2.4084248271516455,-2.4060113924289754,0.5822151362895965,-0.7874294944107533,-3.3083938121795655,0.9,2.520964336395264,-69.30910835266113,-90.45463790893555,0.7986870897155361,730,,,,,,,,,,,,,,,,,,,,
,,,,,,,,,,,,,,0.7986870897155361,730,0.3340926766395569,4.6857,21.768,2.774,2.3440372301981998,58721.0,-2.2097480144112738,-2.1502783878986915,0.5277889462617728,-1.0535724415228918,-3.0482385892134447,0.8621794902361356,1.994666182077848,-81.10236476017879,-87.04670245830829,,,,,
0.11015125513076782,3.0625,1.0772632996154986e-06,2.2898017048835753,59563.0,-2.0123641049911045,-1.9834641903576955,0.582760539650917,-0.42765999883413314,-3.1760868608951567,1.0,2.7484268605709077,-77.12001495361328,-93.29493713378906,0.8096280087527352,740,,,,,,,,,,,,,,,,,,,,
,,,,,,,,,,,,,,0.8096280087527352,740,0.3326777517795563,4.6916,21.741,2.771,2.339902740258437,59563.0,-2.21485397409154,-2.1584913479118466,0.5258622627991897,-1.0587974053162794,-3.0560413690713735,0.8429487210053664,1.9972439912649302,-81.1546137883113,-87.1247306236854,,,,,
0.36088175773620607,0.82421875,9.616650074201383e-07,2.3448445558547975,60324.0,-1.9405061773639485,-2.244999903750925,0.43775275647640227,-1.0100208409130573,-3.3355646073818206,0.7,2.3255438089370726,-89.9446922302246,-88.95460586547851,0.8205689277899344,750,,,,,,,,,,,,,,,,,,,,
,,,,,,,,,,,,,,0.8205689277899344,750,0.3340837061405182,4.6911,21.743,2.771,2.338510439946101,60324.0,-2.2165461537696727,-2.158747809035334,0.5291158465238718,-1.0633611472753377,-3.061771961358877,0.8621794902361356,1.9984108209609985,-81.20025223952074,-87.18203559288612,,,,,
0.1301953077316284,12.9375,8.519647263574693e-07,2.277251100540161,61046.0,-2.119743977330257,-2.2935491938398873,0.539186954498291,-0.8371503204107285,-4.748994433879853,1.0,3.9118441462516786,-78.59219741821289,-113.50747451782226,0.8315098468271335,760,,,,,,,,,,,,,,,,,,,,
,,,,,,,,,,,,,,0.8315098468271335,760,0.3339460492134094,4.6732,21.827,2.782,2.339131236076355,61046.0,-2.216337925286174,-2.156367274606805,0.53002179815219,-1.0572103720444899,-3.0678236667926493,0.8621794902361356,2.0106133130880504,-81.1387452345628,-87.2425548846905,,,,,
0.25968017578125,0.41796875,7.483226743094046e-07,2.304057252407074,61853.0,-2.2247649326560177,-2.245978501506021,0.5350862801074981,-0.9726306840777397,-3.9418728828430174,0.8,2.969242250919342,-76.52051315307617,-96.4347755432129,0.8424507658643327,770,,,,,,,,,,,,,,,,,,,,
,,,,,,,,,,,,,,0.8424507658643327,770,0.335647851228714,4.3668,23.358,2.977,2.335498094558716,61853.0,-2.2234786249746588,-2.1645097602769763,0.5284935075503129,-1.0663767262147024,-3.062868209985586,0.8621794902361356,1.9964914459448595,-81.23040830172025,-87.19299844595102,,,,,
0.31733686923980714,18.625,6.508902210800649e-07,2.532957601547241,62643.0,-2.0685290889257066,-1.757249211908255,0.5388579875230789,-0.48162196967750787,-2.3271435141563415,0.8,1.8455215036869048,-76.38253211975098,-78.59887199401855,0.8533916849015317,780,,,,,,,,,,,,,,,,,,,,
,,,,,,,,,,,,,,0.8533916849015317,780,0.3389832079410553,4.4197,23.078,2.941,2.334275355705848,62643.0,-2.225343354682299,-2.168117473703672,0.5292126857317411,-1.0769221484661102,-3.0753261126004734,0.852564105620751,1.9984038793123686,-81.33586120605469,-87.31757530799278,,,,,
0.499099588394165,91.0,5.598096673193165e-07,2.0042033433914184,63432.0,-2.647092809833834,-2.7379180339177447,0.5302839502692223,-0.7038562548346817,-2.6096976161003114,0.6,1.9058413803577423,-83.68766708374024,-78.7120174407959,0.8643326039387309,790,,,,,,,,,,,,,,,,,,,,
,,,,,,,,,,,,,,0.8643326039387309,790,0.3335472047328949,4.244,24.034,3.063,2.3342127066392164,63432.0,-2.2250439924084233,-2.1668422436217365,0.5277271912648127,-1.0727605200730836,-3.075917097238394,0.8621794902361356,2.0031565519479604,-81.29424520639273,-87.3234857412485,,,,,
0.3358092069625854,13.1875,4.7521403669187616e-07,2.382986903190613,64215.0,-1.9839922784398758,-1.8614325452968963,0.6100915014743805,-0.4225105751305819,-2.1003761291503906,0.8,1.677865558862686,-65.47196884155274,-82.14132308959961,0.87527352297593,800,,,,,,,,,,,,,,,,,,,,
,,,,,,,,,,,,,,0.87527352297593,800,0.3364470899105072,4.2816,23.823,3.036,2.3323267698287964,64215.0,-2.227747555298814,-2.169826715398862,0.5274642705917358,-1.0752368592298949,-3.078808546066284,0.8333333363899817,2.0035716478641215,-81.31900846041165,-87.35240114652194,,,,,
0.30366365909576415,13.625,3.972268815954833e-07,2.2852177023887634,65071.0,-1.748565486050022,-1.420839571696372,0.5597043007612228,-0.4255735851824284,-1.7491470828652382,0.9,1.3235734760761262,-80.945267868042,-67.52590713500976,0.8862144420131292,810,,,,,,,,,,,,,,,,,,,,
,,,,,,,,,,,,,,0.8862144420131292,810,0.3357071578502655,4.4158,23.099,2.944,2.3349620470633874,65071.0,-2.2247227198576947,-2.1672762751871737,0.5276294419398675,-1.069177684875635,-3.0697634403522196,0.8621794902361356,2.000585803618798,-81.25841580904446,-87.26195173997145,,,,,
0.28261451721191405,11.4375,3.259621027119314e-07,2.000622200965881,65856.0,-2.3669003970351836,-2.6387094458410543,0.4855904936790466,-0.4698211789131165,-2.6752891331911086,0.9,2.20546797811985,-85.45803527832031,-89.26634941101074,0.8971553610503282,820,,,,,,,,,,,,,,,,,,,,
,,,,,,,,,,,,,,0.8971553610503282,820,0.3360595405101776,4.4899,22.718,2.895,2.3348683485618005,65856.0,-2.2243975784440204,-2.1652563924157464,0.5263796150684357,-1.063162244283236,-3.0666116567758412,0.8621794902361356,2.003449476682223,-81.19826272817758,-87.23043353740985,,,,,
0.2253269672393799,14.875,2.615237826544753e-07,2.323942506313324,66634.0,-2.1837212586659875,-2.0359866531325617,0.512478107213974,-1.1082965075969695,-3.4789605736732483,0.9,2.370664060115814,-89.3241512298584,-91.61334838867188,0.9080962800875274,830,,,,,,,,,,,,,,,,,,,,
,,,,,,,,,,,,,,0.9080962800875274,830,0.3363947868347168,4.255,23.972,3.055,2.3328051842176,66634.0,-2.229627277309852,-2.1695513549562535,0.5276575455298791,-1.0755031865376692,-3.075765077884381,0.852564105620751,2.000261801939744,-81.32167346660907,-87.32196631798378,,,,,
0.2583442687988281,0.859375,2.0400603395458408e-07,2.2084450840950014,67497.0,-2.4068576304765323,-2.257055625425183,0.5281095683574677,-0.87528298094403,-3.8609319537878037,0.8,2.9856489539146422,-87.47216835021973,-92.12125244140626,0.9190371991247265,840,,,,,,,,,,,,,,,,,,,,
,,,,,,,,,,,,,,0.9190371991247265,840,0.33764708042144775,4.3492,23.453,2.989,2.3316129721128025,67497.0,-2.2291537551433995,-2.173856508791404,0.5273450727646167,-1.0790619597985194,-3.0867046392880955,0.852564105620751,2.0076427459716797,-81.35726048396184,-87.43136420616737,,,,,
0.7399536609649658,0.67578125,1.534928616100545e-07,2.54220370054245,68249.0,-2.00506053578942,-1.8309887112451304,0.5073489263653755,-1.4377901196479796,-2.837053120136261,0.7,1.3992630153894425,-85.6290184020996,-84.83760795593261,0.9299781181619255,850,,,,,,,,,,,,,,,,,,,,
,,,,,,,,,,,,,,0.9299781181619255,850,0.3356193006038666,4.2327,24.098,3.071,2.332742461791405,68249.0,-2.2306800520491348,-2.172481331051274,0.5255569792710818,-1.0729429630132823,-3.081376130764301,0.8333333363899817,2.0084331585810733,-81.2960686316857,-87.37807816725511,,,,,
0.2566386699676514,6.0,1.1005804039524004e-07,2.18493709564209,69017.0,-2.1418335930893573,-2.0007062580445725,0.569035890698433,-0.42084383219480515,-2.58600038588047,0.9,2.1651565194129945,-76.58232955932617,-81.47092208862304,0.9409190371991247,860,,,,,,,,,,,,,,,,,,,,
,,,,,,,,,,,,,,0.9409190371991247,860,0.3380618095397949,4.2742,23.864,3.042,2.3326823252897997,69017.0,-2.2282834376338974,-2.171036396327487,0.5274383540336902,-1.07537725682442,-3.071324641887958,0.8429487210053664,1.995947342652541,-81.3204122690054,-87.27756089430589,,,,,
0.7065226078033447,10.0625,7.376500711257062e-08,2.1090094327926634,69763.0,-2.109064207332369,-2.30322450504537,0.4927091270685196,-2.2684230864048005,-3.3043144941329956,0.7,1.0358914256095886,-84.332568359375,-84.23248596191407,0.9518599562363238,870,,,,,,,,,,,,,,,,,,,,
,,,,,,,,,,,,,,0.9518599562363238,870,0.33606621623039246,4.3646,23.37,2.979,2.3321622059895444,69763.0,-2.2270112763414933,-2.1697064062406195,0.5269269095017359,-1.076710384625655,-3.0794793459085317,0.852564105620751,2.002769011717576,-81.33374492938702,-87.35911207932692,,,,,
0.24645919799804689,3.640625,4.4666767942744826e-08,2.2581279397010805,70521.0,-1.963590321278509,-2.128499646411565,0.5333480075001716,-1.13820915594697,-3.5941951125860214,0.9,2.455985963344574,-78.615576171875,-88.44137687683106,0.962800875273523,880,,,,,,,,,,,,,,,,,,,,
,,,,,,,,,,,,,,0.962800875273523,880,0.3367111086845398,4.4798,22.769,2.902,2.331750933940594,70521.0,-2.227327524555778,-2.172763175915772,0.5274207248137548,-1.0817852524610667,-3.0868438757382908,0.8333333363899817,2.005058618692251,-81.38449331430289,-87.43275686410757,,,,,
0.44310712814331055,2.515625,2.280582102890394e-08,2.590944838523865,71272.0,-1.6182168078749997,-1.434288819158392,0.5216775745153427,-0.846551676094532,-2.075105345249176,0.9,1.2285536885261537,-83.21223678588868,-73.56448249816894,0.973741794310722,890,,,,,,,,,,,,,,,,,,,,
,,,,,,,,,,,,,,0.973741794310722,890,0.33478033542633057,4.5566,22.385,2.853,2.330547332763672,71272.0,-2.2305507442379584,-2.1732499982880698,0.5286539219892942,-1.0755357639147685,-3.0844412400172305,0.8621794902361356,2.0089055391458364,-81.3219974224384,-87.40872837946965,,,,,
0.4165379524230957,31.625,8.214094407851814e-09,2.538495361804962,72081.0,-2.353490106429813,-2.205052160196808,0.4169835731387138,-1.3550852354615928,-2.9057974249124525,0.8,1.5507121562957764,-101.47553329467773,-88.07677001953125,0.9846827133479212,900,,,,,,,,,,,,,,,,,,,,
,,,,,,,,,,,,,,0.9846827133479212,900,0.3372361660003662,4.6398,21.984,2.802,2.3300324219923754,72081.0,-2.2309688421870044,-2.1733883808213212,0.5276859815304096,-1.0830292311998515,-3.0888198155623217,0.8429487210053664,2.0057905270503116,-81.39693274864784,-87.452515235314,,,,,
0.5635039806365967,14.25,9.128993789764285e-10,2.4155203461647035,72894.0,-2.3785773954669374,-2.6503402194119356,0.4601666048169136,-1.4626632243394853,-2.2101124331355093,0.7,0.7474492013454437,-91.69000930786133,-83.17808647155762,0.9956236323851203,910,,,,,,,,,,,,,,,,,,,,
,,,,,,,,,,,,,,0.9956236323851203,910,0.33592522144317627,4.6556,21.909,2.792,2.331655658208407,72894.0,-2.229697630601137,-2.1703462941121274,0.5265928094203656,-1.0791912697828734,-3.0818736919989953,0.852564105620751,2.0026824061687174,-81.35855395977313,-87.38305370624249,,,,,
,,,2.588551640510559,73189.0,-2.207973304394546,-2.179966374915613,0.44756054133176804,-1.198079727590084,-2.8380946218967438,1.0,1.640014886856079,-90.24845504760742,-89.87532806396484,1.0,914,,,,,,,,,,,,,,,,894.7349,1.022,1.022,172612834538496.0,0.41496875653903387
